target,k,basket,ols_beta,int_coefs,int_basket_str,ols_resid_std_ratio,int_resid_std_ratio,int_resid_inflation,max_abs_coef,int_adf_p,int_half_life
SNACKPACK_STRAWBERRY,4,"['SNACKPACK_CHOCOLATE', 'SNACKPACK_VANILLA', 'SNACKPACK_PISTACHIO', 'SNACKPACK_RASPBERRY']","[-1.819519057618816, -1.619975606702397, -1.0092655194895321, -1.3032960304328196]","[-2, -2, -1, -1]",SNACKPACK_STRAWBERRY + 2*SNACKPACK_CHOCOLATE + 2*SNACKPACK_VANILLA + SNACKPACK_PISTACHIO + SNACKPACK_RASPBERRY,0.4485667527301577,0.4781158529910133,1.0658744770561077,2,0.011736676344624485,408.2806114943499
SNACKPACK_PISTACHIO,4,"['SNACKPACK_CHOCOLATE', 'SNACKPACK_VANILLA', 'SNACKPACK_STRAWBERRY', 'SNACKPACK_RASPBERRY']","[0.4352196035228252, 0.31961931674130406, -0.3067256303996791, -0.8518468646636131]","[1, 1, 0, -1]",SNACKPACK_PISTACHIO − SNACKPACK_CHOCOLATE − SNACKPACK_VANILLA + SNACKPACK_RASPBERRY,0.4795140978705938,0.7391209680559808,1.5413956989757724,1,0.017528151146224857,1131.1255747184769
SNACKPACK_RASPBERRY,4,"['SNACKPACK_CHOCOLATE', 'SNACKPACK_VANILLA', 'SNACKPACK_PISTACHIO', 'SNACKPACK_STRAWBERRY']","[0.03957740278922368, 0.015964025206769726, -0.7732613149380242, -0.35954434156465365]","[1, 1, -1, 0]",SNACKPACK_RASPBERRY − SNACKPACK_CHOCOLATE − SNACKPACK_VANILLA + SNACKPACK_PISTACHIO,0.5044294420625015,0.8160789819177133,1.6178258322530603,1,0.017528151146224857,1131.1255747184769
SNACKPACK_CHOCOLATE,4,"['SNACKPACK_VANILLA', 'SNACKPACK_PISTACHIO', 'SNACKPACK_STRAWBERRY', 'SNACKPACK_RASPBERRY']","[-0.9220839634174464, 0.11201970597494271, -0.1423269751949201, 0.011221954820336246]","[-1, 0, 0, 0]",SNACKPACK_CHOCOLATE + SNACKPACK_VANILLA,0.22722947376003527,0.3795997134346892,1.6705566718671534,1,0.3983867351713163,1110.1287026178206
SNACKPACK_VANILLA,4,"['SNACKPACK_CHOCOLATE', 'SNACKPACK_PISTACHIO', 'SNACKPACK_STRAWBERRY', 'SNACKPACK_RASPBERRY']","[-0.9969168649871326, 0.088942119045635, -0.13700220594984608, 0.004893866341861835]","[-1, 0, 0, 0]",SNACKPACK_VANILLA + SNACKPACK_CHOCOLATE,0.26567737628364685,0.42684632815522217,1.6066340842643125,1,0.3983867351713163,1110.1287026178206
