product,intercept,beta_to_index,resid_std,r_squared,adf_p,half_life
SNACKPACK_RASPBERRY,10077.812066666673,349.9329078212954,164.223238078756,0.0647289454833272,0.0007537592340713025,587.0298492562357
SNACKPACK_VANILLA,10097.302466666664,157.54032549823046,177.4488738049349,0.011871648558093195,0.04165743703112874,1131.2248655222054
SNACKPACK_CHOCOLATE,9843.371650000005,130.66225883254782,200.0807153714478,0.00645857237012859,0.0638326699202646,1295.0608254138233
SNACKPACK_PISTACHIO,9495.843916666667,538.0170418558187,175.331232814523,0.12551270387455593,0.10629465136031185,1482.8242940155817
SNACKPACK_STRAWBERRY,10706.608500000002,-532.1619695752764,357.58122911558723,0.03265722842786356,0.13562506101949384,1763.4436275789124
