k,n_obs,n_exp,lift,z_score
0,24638,23212.654344062503,1.0614038202960654,19.669494331921346
1,4958,6108.593248437504,0.8116434993061928,-16.496538859115063
2,390,643.0098156250002,0.6065226230192509,-10.086339704677888
3,12,33.84262187500001,0.35458245653433124,-3.7567982622219813
4,1,0.8905953125,1.1228444456920494,0.11593169194278223
5,0,0.009374687500000003,0.0,-0.09682298502726902
