product,intercept,beta_to_index,resid_std,r_squared,adf_p,half_life
OXYGEN_SHAKE_CHOCOLATE,9556.879133333334,1291.4776539600962,381.36878883016203,0.5371970605814648,0.13766933347057747,1456.397936926095
OXYGEN_SHAKE_EVENING_BREATH,9271.895,277.4064258762903,389.95230899352043,0.04872695301681751,0.1878178650719453,1960.2099861746183
OXYGEN_SHAKE_GARLIC,11925.639766666665,1188.877578886351,875.089043047391,0.1574123774778814,0.19453833093643302,3479.7255445366054
OXYGEN_SHAKE_MINT,9838.39408333333,369.2348106421273,494.35742165602494,0.05344685850184805,0.49637719016522935,4254.828954766656
OXYGEN_SHAKE_MORNING_BREATH,10000.453350000007,18.702423423109945,652.7670920186514,8.308013722546637e-05,0.6825584697422041,6312.774542455662
